req_id,file_name,json_file_name
2023-09-21_20:40:31.528699,resume_vault/2023-09-21_20:40:31.528699.pdf,resume_vault/2023-09-21_20:41:40.667268.json
2023-09-21_20:50:13.618725,resume_vault/2023-09-21_20:50:13.618725.pdf,resume_vault/2023-09-21_20:51:27.665004.json
2023-09-21_21:01:31.409245,resume_vault/2023-09-21_21:01:31.409245.pdf,resume_vault/2023-09-21_21:02:42.167431.json
2023-09-21_21:12:14.285727,resume_vault/2023-09-21_21:12:14.285727.pdf,resume_vault/2023-09-21_21:13:24.506198.json
2023-09-21_22:21:20.509804,resume_vault/2023-09-21_22:21:20.509804.pdf,resume_vault/2023-09-21_22:22:27.858705.json
2023-09-21_22:24:54.775010,resume_vault/2023-09-21_22:24:54.775010.pdf,resume_vault/2023-09-21_22:26:00.647066.json
2023-09-22_00:04:14.928167,resume_vault/2023-09-22_00:04:14.928167.pdf,resume_vault/2023-09-22_00:04:44.323286.json
2023-09-22_00:14:10.157578,resume_vault/2023-09-22_00:14:10.157578.pdf,resume_vault/2023-09-22_00:14:37.119740.json
2023-09-22_00:17:16.340309,resume_vault/2023-09-22_00:17:16.340309.pdf,resume_vault/2023-09-22_00:17:42.500818.json
2023-09-22_00:23:18.965199,resume_vault/2023-09-22_00:23:18.965199.doc,resume_vault/2023-09-22_00:23:34.008700.json
2023-09-22_00:23:54.049740,resume_vault/2023-09-22_00:23:54.049740.docx,resume_vault/2023-09-22_00:24:11.983036.json
2023-09-27_15:44:12.928870,resume_vault/2023-09-27_15:44:12.928870.pdf,resume_vault/2023-09-27_15:44:44.642076.json
2023-09-27_15:52:01.664072,resume_vault/2023-09-27_15:52:01.664072.pdf,resume_vault/2023-09-27_15:52:40.533509.json
2023-09-28_10:50:13.707841,resume_vault/2023-09-28_10:50:13.707841.pdf,resume_vault/2023-09-28_10:50:59.530502.json
2023-09-28_11:49:54.951176,resume_vault/2023-09-28_11:49:54.951176.pdf,resume_vault/2023-09-28_11:50:38.730963.json
2023-09-28_11:57:24.116834,resume_vault/2023-09-28_11:57:24.116834.pdf,resume_vault/2023-09-28_11:57:48.475838.json
2023-09-28_12:02:01.789991,resume_vault/2023-09-28_12:02:01.789991.pdf,resume_vault/2023-09-28_12:02:29.006269.json
2023-09-28_12:04:01.896139,resume_vault/2023-09-28_12:04:01.896139.pdf,resume_vault/2023-09-28_12:04:37.075213.json
2023-09-28_12:04:53.744701,resume_vault/2023-09-28_12:04:53.744701.pdf,resume_vault/2023-09-28_12:05:24.444641.json
2023-09-29_17:58:12.639996,resume_vault/2023-09-29_17:58:12.639996.pdf,resume_vault/2023-09-29_17:58:24.967986.json
2023-10-08_07:02:45.382270,resume_vault/2023-10-08_07:02:45.382270.pdf,resume_vault/2023-10-08_07:03:02.053400.json
2023-10-08_07:27:48.129237,resume_vault/2023-10-08_07:27:48.129237.pdf,resume_vault/2023-10-08_07:28:02.941848.json
2023-10-08_07:31:20.511105,resume_vault/2023-10-08_07:31:20.511105.pdf,resume_vault/2023-10-08_07:31:35.453571.json
2023-10-09_17:28:58.046905,resume_vault/2023-10-09_17:28:58.046905.docx,resume_vault/2023-10-09_17:29:27.514389.json
2023-10-09_17:31:47.989564,resume_vault/2023-10-09_17:31:47.989564.docx,resume_vault/2023-10-09_17:32:06.338291.json
2023-10-10_15:30:37.986834,resume_vault/2023-10-10_15:30:37.986834.doc,resume_vault/2023-10-10_15:31:02.732391.json
